,Data1,Data2,Data3,Data4,Data5,Data6,Data7,Data8,Data9,Data10
0,9.767385,9.073064,9.502319,9.700038,9.507571,9.632677,9.418204,9.451137,9.522306,9.533767
